date,luna
1989-01-07T00:00:00,0
1989-01-14T00:00:00,10
1989-01-21T00:00:00,20
1989-01-29T00:00:00,30
1989-02-05T00:00:00,0
1989-02-12T00:00:00,10
1989-02-20T00:00:00,20
1989-02-28T00:00:00,30
1989-03-07T00:00:00,0
1989-03-14T00:00:00,10
1989-03-22T00:00:00,20
1989-03-30T00:00:00,30
1989-04-05T00:00:00,0
1989-04-12T00:00:00,10
1989-04-20T00:00:00,20
1989-04-28T00:00:00,30
1989-05-05T00:00:00,0
1989-05-12T00:00:00,10
1989-05-20T00:00:00,20
1989-05-27T00:00:00,30
1989-06-03T00:00:00,0
1989-06-10T00:00:00,10
1989-06-18T00:00:00,20
1989-06-26T00:00:00,30
1989-07-02T00:00:00,0
1989-07-10T00:00:00,10
1989-07-18T00:00:00,20
1989-07-25T00:00:00,30
1989-08-01T00:00:00,0
1989-08-09T00:00:00,10
1989-08-16T00:00:00,20
1989-08-23T00:00:00,30
1989-08-30T00:00:00,0
1989-09-08T00:00:00,10
1989-09-15T00:00:00,20
1989-09-21T00:00:00,30
1989-09-29T00:00:00,0
1989-10-07T00:00:00,10
1989-10-14T00:00:00,20
1989-10-21T00:00:00,30
1989-10-29T00:00:00,0
1989-11-06T00:00:00,10
1989-11-12T00:00:00,20
1989-11-19T00:00:00,30
1989-01-28T00:00:00,0
1989-12-05T00:00:00,10
1989-12-12T00:00:00,20
1989-12-19T00:00:00,30
1989-12-27T00:00:00,0
1990-01-04T00:00:00,10
1990-01-10T00:00:00,20
1990-01-18T00:00:00,30
1990-01-26T00:00:00,0
1990-02-02T00:00:00,10
1990-02-09T00:00:00,20
1990-02-17T00:00:00,30
1990-02-25T00:00:00,0
1990-03-03T00:00:00,10
1990-03-11T00:00:00,20
1990-03-19T00:00:00,30
1990-03-26T00:00:00,0
1990-04-02T00:00:00,10
1990-04-09T00:00:00,20
1990-04-18T00:00:00,30
1990-04-24T00:00:00,0
1990-05-01T00:00:00,10
1990-05-09T00:00:00,20
1990-05-17T00:00:00,30
1990-05-24T00:00:00,0
1990-05-31T00:00:00,10
1990-06-08T00:00:00,20
1990-06-15T00:00:00,30
1990-06-22T00:00:00,0
1990-06-29T00:00:00,10
1990-07-07T00:00:00,20
1990-07-15T00:00:00,30
1990-07-21T00:00:00,0
1990-07-29T00:00:00,10
1990-08-06T00:00:00,20
1990-08-13T00:00:00,30
1990-08-20T00:00:00,0
1990-08-28T00:00:00,10
1990-09-04T00:00:00,20
1990-09-11T00:00:00,30
1990-09-18T00:00:00,0
1990-09-26T00:00:00,10
1990-10-04T00:00:00,20
1990-10-10T00:00:00,30
1990-10-18T00:00:00,0
1990-10-26T00:00:00,10
1990-11-02T00:00:00,20
1990-11-09T00:00:00,30
1990-11-17T00:00:00,0
1990-11-25T00:00:00,10
1990-12-01T00:00:00,20
1990-12-08T00:00:00,30
1990-12-16T00:00:00,0
1990-12-24T00:00:00,10
1990-12-31T00:00:00,20
1991-01-07T00:00:00,30
1991-01-15T00:00:00,0
1991-01-23T00:00:00,10
1991-01-29T00:00:00,20
1991-02-06T00:00:00,30
1991-02-14T00:00:00,0
1991-02-21T00:00:00,10
1991-02-28T00:00:00,20
1991-03-08T00:00:00,30
1991-03-16T00:00:00,0
1991-03-22T00:00:00,10
1991-03-29T00:00:00,20
1991-04-06T00:00:00,30
1991-04-14T00:00:00,0
1991-04-21T00:00:00,10
1991-04-28T00:00:00,20
1991-05-06T00:00:00,30
1991-05-13T00:00:00,0
1991-05-20T00:00:00,10
1991-05-28T00:00:00,20
1991-06-05T00:00:00,30
1991-06-12T00:00:00,0
1991-06-18T00:00:00,10
1991-06-26T00:00:00,20
1991-07-04T00:00:00,30
1991-07-11T00:00:00,0
1991-07-18T00:00:00,10
1991-07-26T00:00:00,20
1991-08-03T00:00:00,30
1991-08-09T00:00:00,0
1991-08-16T00:00:00,10
1991-08-25T00:00:00,20
1991-09-01T00:00:00,30
1991-09-08T00:00:00,0
1991-09-15T00:00:00,10
1991-09-23T00:00:00,20
1991-09-30T00:00:00,30
1991-10-07T00:00:00,0
1991-10-15T00:00:00,10
1991-10-23T00:00:00,20
1991-10-29T00:00:00,30
1991-11-06T00:00:00,0
1991-11-14T00:00:00,10
1991-11-21T00:00:00,20
1991-11-28T00:00:00,30
1991-12-05T00:00:00,0
1991-12-14T00:00:00,10
1991-12-21T00:00:00,20
1991-12-27T00:00:00,30
1992-01-04T00:00:00,0
1992-01-12T00:00:00,10
1992-01-19T00:00:00,20
1992-01-26T00:00:00,30
1992-02-03T00:00:00,0
1992-02-11T00:00:00,10
1992-02-18T00:00:00,20
1992-02-24T00:00:00,30
1992-03-04T00:00:00,0
1992-03-11T00:00:00,10
1992-03-18T00:00:00,20
1992-03-25T00:00:00,30
1992-04-02T00:00:00,0
1992-04-10T00:00:00,10
1992-04-16T00:00:00,20
1992-04-24T00:00:00,30
1992-05-02T00:00:00,0
1992-05-09T00:00:00,10
1992-05-16T00:00:00,20
1992-05-24T00:00:00,30
1992-05-31T00:00:00,0
1992-06-07T00:00:00,10
1992-06-14T00:00:00,20
1992-06-23T00:00:00,30
1992-06-30T00:00:00,0
1992-07-06T00:00:00,10
1992-07-14T00:00:00,20
1992-07-22T00:00:00,30
1992-07-29T00:00:00,0
1992-08-05T00:00:00,10
1992-08-13T00:00:00,20
1992-08-21T00:00:00,30
1992-08-27T00:00:00,0
1992-09-03T00:00:00,10
1992-09-11T00:00:00,20
1992-09-19T00:00:00,30
1992-09-26T00:00:00,0
1992-10-03T00:00:00,10
1992-10-11T00:00:00,20
1992-10-18T00:00:00,30
1992-10-25T00:00:00,0
1992-11-02T00:00:00,10
1992-11-10T00:00:00,20
1992-11-17T00:00:00,30
1992-11-24T00:00:00,0
1992-12-01T00:00:00,10
1992-12-09T00:00:00,20
1992-12-16T00:00:00,30
1992-12-23T00:00:00,0
1992-12-31T00:00:00,10
1993-01-08T00:00:00,20
1993-01-14T00:00:00,30
1993-01-22T00:00:00,0
1993-01-30T00:00:00,10
1993-02-06T00:00:00,20
1993-02-13T00:00:00,30
1993-02-21T00:00:00,0
1993-03-01T00:00:00,10
1993-03-08T00:00:00,20
1993-03-14T00:00:00,30
1993-03-22T00:00:00,0
1993-03-30T00:00:00,10
1993-04-06T00:00:00,20
1993-04-13T00:00:00,30
1993-04-21T00:00:00,0
1993-04-29T00:00:00,10
1993-05-05T00:00:00,20
1993-05-13T00:00:00,30
1993-05-21T00:00:00,0
1993-05-28T00:00:00,10
1993-06-04T00:00:00,20
1993-06-11T00:00:00,30
1993-06-19T00:00:00,0
1993-06-26T00:00:00,10
1993-07-03T00:00:00,20
1993-07-11T00:00:00,30
1993-07-19T00:00:00,0
1993-07-25T00:00:00,10
1993-08-02T00:00:00,20
1993-08-10T00:00:00,30
1993-08-17T00:00:00,0
1993-08-24T00:00:00,10
1993-08-31T00:00:00,20
1993-09-08T00:00:00,30
1993-09-15T00:00:00,0
1993-09-22T00:00:00,10
1993-09-30T00:00:00,20
1993-10-08T00:00:00,30
1993-10-15T00:00:00,0
1993-10-22T00:00:00,10
1993-10-30T00:00:00,20
1993-11-06T00:00:00,30
1993-11-13T00:00:00,0
1993-11-20T00:00:00,10
1993-11-28T00:00:00,20
1993-12-06T00:00:00,30
1993-12-13T00:00:00,0
1993-12-20T00:00:00,10
1993-12-28T00:00:00,20
1994-01-04T00:00:00,30
1994-01-11T00:00:00,0
1994-01-19T00:00:00,10
1994-01-27T00:00:00,20
1994-02-03T00:00:00,30
1994-02-10T00:00:00,0
1994-02-18T00:00:00,10
1994-02-25T00:00:00,20
1994-03-04T00:00:00,30
1994-03-11T00:00:00,0
1994-03-20T00:00:00,10
1994-03-27T00:00:00,20
1994-04-02T00:00:00,30
1994-04-10T00:00:00,0
1994-04-18T00:00:00,10
1994-04-25T00:00:00,20
1994-05-02T00:00:00,30
1994-05-10T00:00:00,0
1994-05-18T00:00:00,10
1994-05-24T00:00:00,20
1994-05-31T00:00:00,30
1994-06-09T00:00:00,0
1994-06-16T00:00:00,10
1994-06-23T00:00:00,20
1994-06-30T00:00:00,30
1994-07-08T00:00:00,0
1994-07-15T00:00:00,10
1994-07-22T00:00:00,20
1994-07-30T00:00:00,30
1994-08-07T00:00:00,0
1994-08-13T00:00:00,10
1994-08-20T00:00:00,20
1994-08-28T00:00:00,30
1994-09-05T00:00:00,0
1994-09-12T00:00:00,10
1994-09-19T00:00:00,20
1994-09-27T00:00:00,30
1994-10-04T00:00:00,0
1994-10-11T00:00:00,10
1994-10-19T00:00:00,20
1994-10-27T00:00:00,30
1994-11-03T00:00:00,0
1994-11-09T00:00:00,10
1994-11-17T00:00:00,20
1994-11-25T00:00:00,30
1994-12-02T00:00:00,0
1994-12-09T00:00:00,10
1994-12-17T00:00:00,20
1994-12-25T00:00:00,30
1995-01-01T00:00:00,0
1995-01-08T00:00:00,10
1995-01-16T00:00:00,20
1995-01-23T00:00:00,30
1995-01-30T00:00:00,0
1995-02-07T00:00:00,10
1995-02-15T00:00:00,20
1995-02-22T00:00:00,30
1995-03-01T00:00:00,0
1995-03-09T00:00:00,10
1995-03-16T00:00:00,20
1995-03-23T00:00:00,30
1995-03-30T00:00:00,0
1995-04-07T00:00:00,10
1995-04-15T00:00:00,20
1995-04-21T00:00:00,30
1995-04-29T00:00:00,0
1995-05-07T00:00:00,10
1995-05-14T00:00:00,20
1995-05-21T00:00:00,30
1995-05-29T00:00:00,0
1995-06-06T00:00:00,10
1995-06-12T00:00:00,20
1995-06-19T00:00:00,30
1995-06-27T00:00:00,0
1995-07-05T00:00:00,10
1995-07-12T00:00:00,20
1995-07-19T00:00:00,30
1995-07-27T00:00:00,0
1995-08-03T00:00:00,10
1995-08-10T00:00:00,20
1995-08-17T00:00:00,30
1995-08-25T00:00:00,0
1995-09-02T00:00:00,10
1995-09-08T00:00:00,20
1995-09-16T00:00:00,30
1995-09-24T00:00:00,0
1995-10-01T00:00:00,10
1995-10-08T00:00:00,20
1995-10-16T00:00:00,30
1995-10-23T00:00:00,0
1995-10-30T00:00:00,10
1995-11-06T00:00:00,20
1995-11-15T00:00:00,30
1995-11-22T00:00:00,0
1995-11-28T00:00:00,10
1995-12-06T00:00:00,20
1995-12-14T00:00:00,30
1995-12-21T00:00:00,0
1995-12-28T00:00:00,10
1996-01-05T00:00:00,20
1996-01-13T00:00:00,30
1996-01-20T00:00:00,0
1996-01-27T00:00:00,10
1996-02-04T00:00:00,20
1996-02-12T00:00:00,30
1996-02-18T00:00:00,0
1996-02-25T00:00:00,10
1996-03-05T00:00:00,20
1996-03-12T00:00:00,30
1996-03-19T00:00:00,0
1996-03-26T00:00:00,10
1996-04-03T00:00:00,20
1996-04-10T00:00:00,30
1996-04-17T00:00:00,0
1996-04-25T00:00:00,10
1996-05-03T00:00:00,20
1996-05-09T00:00:00,30
1996-05-17T00:00:00,0
1996-05-25T00:00:00,10
1996-06-01T00:00:00,20
1996-06-08T00:00:00,30
1996-06-15T00:00:00,0
1996-06-23T00:00:00,10
1996-06-30T00:00:00,20
1996-07-07T00:00:00,30
1996-07-15T00:00:00,0
1996-07-23T00:00:00,10
1996-07-30T00:00:00,20
1996-08-05T00:00:00,30
1996-08-14T00:00:00,0
1996-08-21T00:00:00,10
1996-08-28T00:00:00,20
1996-09-04T00:00:00,30
1996-09-12T00:00:00,0
1996-09-20T00:00:00,10
1996-09-26T00:00:00,20
1996-10-04T00:00:00,30
1996-10-12T00:00:00,0
1996-10-19T00:00:00,10
1996-10-26T00:00:00,20
1996-11-02T00:00:00,30
1996-11-10T00:00:00,0
1996-11-17T00:00:00,10
1996-11-24T00:00:00,20
1996-12-02T00:00:00,30
1996-12-10T00:00:00,0
1996-12-17T00:00:00,10
1996-12-24T00:00:00,20
1997-01-01T00:00:00,30
1997-01-08T00:00:00,0
1997-01-15T00:00:00,10
1997-01-23T00:00:00,20
1997-01-31T00:00:00,30
1997-02-07T00:00:00,0
1997-02-14T00:00:00,10
1997-02-22T00:00:00,20
1997-03-02T00:00:00,30
1997-03-08T00:00:00,0
1997-03-15T00:00:00,10
1997-03-23T00:00:00,20
1997-03-31T00:00:00,30
1997-04-07T00:00:00,0
1997-04-14T00:00:00,10
1997-04-22T00:00:00,20
1997-04-29T00:00:00,30
1997-05-06T00:00:00,0
1997-05-14T00:00:00,10
1997-05-22T00:00:00,20
1997-05-29T00:00:00,30
1997-06-05T00:00:00,0
1997-06-12T00:00:00,10
1997-06-20T00:00:00,20
1997-06-27T00:00:00,30
1997-07-04T00:00:00,0
1997-07-12T00:00:00,10
1997-07-19T00:00:00,20
1997-07-26T00:00:00,30
1997-08-03T00:00:00,0
1997-08-11T00:00:00,10
1997-08-18T00:00:00,20
1997-08-24T00:00:00,30
1997-09-01T00:00:00,0
1997-09-09T00:00:00,10
1997-09-16T00:00:00,20
1997-09-23T00:00:00,30
1997-10-01T00:00:00,0
1997-10-09T00:00:00,10
1997-10-15T00:00:00,20
1997-10-22T00:00:00,30
1997-10-31T00:00:00,0
1997-11-07T00:00:00,10
1997-11-14T00:00:00,20
1997-11-21T00:00:00,30
1997-11-29T00:00:00,0
1997-12-06T00:00:00,10
1997-12-13T00:00:00,20
1997-12-21T00:00:00,30
1997-12-29T00:00:00,0
1998-01-05T00:00:00,10
1998-01-12T00:00:00,20
1998-01-20T00:00:00,30
1998-01-27T00:00:00,0
1998-02-03T00:00:00,10
1998-02-11T00:00:00,20
1998-02-19T00:00:00,30
1998-02-26T00:00:00,0
1998-03-05T00:00:00,10
1998-03-12T00:00:00,20
1998-03-20T00:00:00,30
1998-03-27T00:00:00,0
1998-04-03T00:00:00,10
1998-04-11T00:00:00,20
1998-04-19T00:00:00,30
1998-04-26T00:00:00,0
1998-05-03T00:00:00,10
1998-05-11T00:00:00,20
1998-05-18T00:00:00,30
1998-05-25T00:00:00,0
1998-06-01T00:00:00,10
1998-06-09T00:00:00,20
1998-06-17T00:00:00,30
1998-06-23T00:00:00,0
1998-07-01T00:00:00,10
1998-07-09T00:00:00,20
1998-07-16T00:00:00,30
1998-07-23T00:00:00,0
1998-07-31T00:00:00,10
1998-08-07T00:00:00,20
1998-08-14T00:00:00,30
1998-08-21T00:00:00,0
1998-08-29T00:00:00,10
1998-09-06T00:00:00,20
1998-09-12T00:00:00,30
1998-09-20T00:00:00,0
1998-09-28T00:00:00,10
1998-10-05T00:00:00,20
1998-10-12T00:00:00,30
1998-10-20T00:00:00,0
1998-10-28T00:00:00,10
1998-11-03T00:00:00,20
1998-11-10T00:00:00,30
1998-11-18T00:00:00,0
1998-11-26T00:00:00,10
1998-12-03T00:00:00,20
1998-12-10T00:00:00,30
1998-12-18T00:00:00,0
1998-12-26T00:00:00,10
1999-01-01T00:00:00,20
1999-01-09T00:00:00,30
1999-01-17T00:00:00,0
1999-01-24T00:00:00,10
1999-01-31T00:00:00,20
1999-02-08T00:00:00,30
1999-02-15T00:00:00,0
1999-02-22T00:00:00,10
1999-03-01T00:00:00,20
1999-03-10T00:00:00,30
1999-03-17T00:00:00,0
1999-03-24T00:00:00,10
1999-03-31T00:00:00,20
1999-04-08T00:00:00,30
1999-04-15T00:00:00,0
1999-04-22T00:00:00,10
1999-04-30T00:00:00,20
1999-05-08T00:00:00,30
1999-05-15T00:00:00,0
1999-05-21T00:00:00,10
1999-05-29T00:00:00,20
1999-06-06T00:00:00,30
1999-06-13T00:00:00,0
1999-06-20T00:00:00,10
1999-06-28T00:00:00,20
1999-07-06T00:00:00,30
1999-07-12T00:00:00,0
1999-07-20T00:00:00,10
1999-07-28T00:00:00,20
1999-08-04T00:00:00,30
1999-08-11T00:00:00,0
1999-08-18T00:00:00,10
1999-08-26T00:00:00,20
1999-09-02T00:00:00,30
1999-09-09T00:00:00,0
1999-09-17T00:00:00,10
1999-09-25T00:00:00,20
1999-10-01T00:00:00,30
1999-10-09T00:00:00,0
1999-10-17T00:00:00,10
1999-10-24T00:00:00,20
1999-10-31T00:00:00,30
1999-11-07T00:00:00,0
1999-11-16T00:00:00,10
1999-11-22T00:00:00,20
1999-11-29T00:00:00,30
1999-12-07T00:00:00,0
1999-12-15T00:00:00,10
1999-12-22T00:00:00,20
1999-12-29T00:00:00,30
2000-01-06T00:00:00,0
2000-01-14T00:00:00,10
2000-01-20T00:00:00,20
2000-01-27T00:00:00,30
2000-02-05T00:00:00,0
2000-02-12T00:00:00,10
2000-02-19T00:00:00,20
2000-02-26T00:00:00,30
2000-03-05T00:00:00,0
2000-03-12T00:00:00,10
2000-03-19T00:00:00,20
2000-03-27T00:00:00,30
2000-04-04T00:00:00,0
2000-04-11T00:00:00,10
2000-04-18T00:00:00,20
2000-04-26T00:00:00,30
2000-05-03T00:00:00,0
2000-05-10T00:00:00,10
2000-05-18T00:00:00,20
2000-05-26T00:00:00,30
2000-06-02T00:00:00,0
2000-06-08T00:00:00,10
2000-06-16T00:00:00,20
2000-06-24T00:00:00,30
2000-07-01T00:00:00,0
2000-07-08T00:00:00,10
2000-07-16T00:00:00,20
2000-07-24T00:00:00,30
2000-07-30T00:00:00,0
2000-08-06T00:00:00,10
2000-08-14T00:00:00,20
2000-08-22T00:00:00,30
2000-08-29T00:00:00,0
2000-09-05T00:00:00,10
2000-09-13T00:00:00,20
2000-09-20T00:00:00,30
2000-09-27T00:00:00,0
2000-10-05T00:00:00,10
2000-10-13T00:00:00,20
2000-10-20T00:00:00,30
2000-10-27T00:00:00,0
2000-11-03T00:00:00,10
2000-11-11T00:00:00,20
2000-11-18T00:00:00,30
2000-11-25T00:00:00,0
2000-12-03T00:00:00,10
2000-12-11T00:00:00,20
2000-12-17T00:00:00,30
2000-12-25T00:00:00,0
2001-01-02T00:00:00,10
2001-01-09T00:00:00,20
2001-01-16T00:00:00,30
2001-01-24T00:00:00,0
2001-02-01T00:00:00,10
2001-02-07T00:00:00,20
2001-02-14T00:00:00,30
2001-02-23T00:00:00,0
2001-03-02T00:00:00,10
2001-03-09T00:00:00,20
2001-03-16T00:00:00,30
2001-03-24T00:00:00,0
2001-04-01T00:00:00,10
2001-04-07T00:00:00,20
2001-04-15T00:00:00,30
2001-04-23T00:00:00,0
2001-04-30T00:00:00,10
2001-05-07T00:00:00,20
2001-05-15T00:00:00,30
2001-05-22T00:00:00,0
2001-05-29T00:00:00,10
2001-06-05T00:00:00,20
2001-06-13T00:00:00,30
2001-06-21T00:00:00,0
2001-06-27T00:00:00,10
2001-07-05T00:00:00,20
2001-07-13T00:00:00,30
2001-07-20T00:00:00,0
2001-07-27T00:00:00,10
2001-08-03T00:00:00,20
2001-08-12T00:00:00,30
2001-08-18T00:00:00,0
2001-08-25T00:00:00,10
2001-09-02T00:00:00,20
2001-09-10T00:00:00,30
2001-09-17T00:00:00,0
2001-09-24T00:00:00,10
2001-10-02T00:00:00,20
2001-10-09T00:00:00,30
2001-10-16T00:00:00,0
2001-10-23T00:00:00,10
2001-10-31T00:00:00,20
2001-11-08T00:00:00,30
2001-11-14T00:00:00,0
2001-11-22T00:00:00,10
2001-11-30T00:00:00,20
2001-12-07T00:00:00,30
2001-12-14T00:00:00,0
2001-12-22T00:00:00,10
2001-12-30T00:00:00,20
2002-01-05T00:00:00,30
2002-01-13T00:00:00,0
2002-01-21T00:00:00,10
2002-01-28T00:00:00,20
2002-02-04T00:00:00,30
2002-02-11T00:00:00,0
2002-02-20T00:00:00,10
2002-02-27T00:00:00,20
2002-03-05T00:00:00,30
2002-03-13T00:00:00,0
2002-03-21T00:00:00,10
2002-03-28T00:00:00,20
2002-04-04T00:00:00,30
2002-04-12T00:00:00,0
2002-04-20T00:00:00,10
2002-04-26T00:00:00,20
2002-05-04T00:00:00,30
2002-05-12T00:00:00,0
2002-05-19T00:00:00,10
2002-05-26T00:00:00,20
2002-06-02T00:00:00,30
2002-06-10T00:00:00,0
2002-06-17T00:00:00,10
2002-06-24T00:00:00,20
2002-07-02T00:00:00,30
2002-07-10T00:00:00,0
2002-07-16T00:00:00,10
2002-07-24T00:00:00,20
2002-08-01T00:00:00,30
2002-08-08T00:00:00,0
2002-08-15T00:00:00,10
2002-08-22T00:00:00,20
2002-08-30T00:00:00,30
2002-09-06T00:00:00,0
2002-09-13T00:00:00,10
2002-09-21T00:00:00,20
2002-09-29T00:00:00,30
2002-10-06T00:00:00,0
2002-10-12T00:00:00,10
2002-10-21T00:00:00,20
2002-10-28T00:00:00,30
2002-11-04T00:00:00,0
2002-11-11T00:00:00,10
2002-11-19T00:00:00,20
2002-11-27T00:00:00,30
2002-12-03T00:00:00,0
2002-12-11T00:00:00,10
2002-12-19T00:00:00,20
2002-12-26T00:00:00,30
2003-01-02T00:00:00,0
2003-01-10T00:00:00,10
2003-01-18T00:00:00,20
2003-01-25T00:00:00,30
2003-02-01T00:00:00,0
2003-02-09T00:00:00,10
2003-02-16T00:00:00,20
2003-02-23T00:00:00,30
2003-03-02T00:00:00,0
2003-03-10T00:00:00,10
2003-03-18T00:00:00,20
2003-03-24T00:00:00,30
2003-04-01T00:00:00,0
2003-04-09T00:00:00,10
2003-04-16T00:00:00,20
2003-04-23T00:00:00,30
2003-05-01T00:00:00,0
2003-05-09T00:00:00,10
2003-05-15T00:00:00,20
2003-05-22T00:00:00,30
2003-05-30T00:00:00,0
2003-06-07T00:00:00,10
2003-06-14T00:00:00,20
2003-06-21T00:00:00,30
2003-06-29T00:00:00,0
2003-07-06T00:00:00,10
2003-07-13T00:00:00,20
2003-07-21T00:00:00,30
2003-07-28T00:00:00,0
2003-08-05T00:00:00,10
2003-08-11T00:00:00,20
2003-08-19T00:00:00,30
2003-08-27T00:00:00,0
2003-09-03T00:00:00,10
2003-09-10T00:00:00,20
2003-09-18T00:00:00,30
2003-09-25T00:00:00,0
2003-10-02T00:00:00,10
2003-10-10T00:00:00,20
2003-10-18T00:00:00,30
2003-10-25T00:00:00,0
2003-10-31T00:00:00,10
2003-11-08T00:00:00,20
2003-11-16T00:00:00,30
2003-11-23T00:00:00,0
2003-11-30T00:00:00,10
2003-12-08T00:00:00,20
2003-12-16T00:00:00,30
2003-12-23T00:00:00,0
2003-12-30T00:00:00,10
2004-01-07T00:00:00,20
2004-01-14T00:00:00,30
2004-01-21T00:00:00,0
2004-01-28T00:00:00,10
2004-02-06T00:00:00,20
2004-02-13T00:00:00,30
2004-02-20T00:00:00,0
2004-02-27T00:00:00,10
2004-03-06T00:00:00,20
2004-03-13T00:00:00,30
2004-03-20T00:00:00,0
2004-03-28T00:00:00,10
2004-04-05T00:00:00,20
2004-04-11T00:00:00,30
2004-04-19T00:00:00,0
2004-04-27T00:00:00,10
2004-05-04T00:00:00,20
2004-05-11T00:00:00,30
2004-05-18T00:00:00,0
2004-05-27T00:00:00,10
2004-06-02T00:00:00,20
2004-06-09T00:00:00,30
2004-06-17T00:00:00,0
2004-06-25T00:00:00,10
2004-07-02T00:00:00,20
2004-07-09T00:00:00,30
2004-07-17T00:00:00,0
2004-07-24T00:00:00,10
2004-07-31T00:00:00,20
2004-08-07T00:00:00,30
2004-08-15T00:00:00,0
2004-08-23T00:00:00,10
2004-08-29T00:00:00,20
2004-09-06T00:00:00,30
2004-09-14T00:00:00,0
2004-09-21T00:00:00,10
2004-09-28T00:00:00,20
2004-10-06T00:00:00,30
2004-10-13T00:00:00,0
2004-10-20T00:00:00,10
2004-10-27T00:00:00,20
2004-11-04T00:00:00,30
2004-11-12T00:00:00,0
2004-11-18T00:00:00,10
2004-11-26T00:00:00,20
2004-12-04T00:00:00,30
2004-12-11T00:00:00,0
2004-12-18T00:00:00,10
2004-12-26T00:00:00,20
2005-01-03T00:00:00,30
2005-01-10T00:00:00,0
2005-01-16T00:00:00,10
2005-01-25T00:00:00,20
2005-02-01T00:00:00,30
2005-02-08T00:00:00,0
2005-02-15T00:00:00,10
2005-02-23T00:00:00,20
2005-03-03T00:00:00,30
2005-03-10T00:00:00,0
2005-03-17T00:00:00,10
2005-03-25T00:00:00,20
2005-04-01T00:00:00,30
2005-04-08T00:00:00,0
2005-04-16T00:00:00,10
2005-04-24T00:00:00,20
2005-04-30T00:00:00,30
2005-05-08T00:00:00,0
2005-05-16T00:00:00,10
2005-05-23T00:00:00,20
2005-05-30T00:00:00,30
2005-06-06T00:00:00,0
2005-06-14T00:00:00,10
2005-06-21T00:00:00,20
2005-06-28T00:00:00,30
2005-07-06T00:00:00,0
2005-07-14T00:00:00,10
2005-07-21T00:00:00,20
2005-07-27T00:00:00,30
2005-08-04T00:00:00,0
2005-08-12T00:00:00,10
2005-08-19T00:00:00,20
2005-08-26T00:00:00,30
2005-09-03T00:00:00,0
2005-09-11T00:00:00,10
2005-09-17T00:00:00,20
2005-09-24T00:00:00,30
2005-10-03T00:00:00,0
2005-10-10T00:00:00,10
2005-10-17T00:00:00,20
2005-10-24T00:00:00,30
2005-11-01T00:00:00,0
2005-11-08T00:00:00,10
2005-11-15T00:00:00,20
2005-11-23T00:00:00,30
2005-12-01T00:00:00,0
2005-12-08T00:00:00,10
2005-12-15T00:00:00,20
2005-12-23T00:00:00,30
2005-12-30T00:00:00,0
2006-01-06T00:00:00,10
2006-01-14T00:00:00,20
2006-01-22T00:00:00,30
2006-01-29T00:00:00,0
2006-02-04T00:00:00,10
2006-02-12T00:00:00,20
2006-02-20T00:00:00,30
2006-02-27T00:00:00,0
2006-03-06T00:00:00,10
2006-03-14T00:00:00,20
2006-03-22T00:00:00,30
2006-03-29T00:00:00,0
2006-04-05T00:00:00,10
2006-04-13T00:00:00,20
2006-04-20T00:00:00,30
2006-04-27T00:00:00,0
2006-05-04T00:00:00,10
2006-05-12T00:00:00,20
2006-05-20T00:00:00,30
2006-05-26T00:00:00,0
2006-06-03T00:00:00,10
2006-06-11T00:00:00,20
2006-06-18T00:00:00,30
2006-06-25T00:00:00,0
2006-07-03T00:00:00,10
2006-07-10T00:00:00,20
2006-07-17T00:00:00,30
2006-07-24T00:00:00,0
2006-08-02T00:00:00,10
2006-08-09T00:00:00,20
2006-08-15T00:00:00,30
2006-08-23T00:00:00,0
2006-08-31T00:00:00,10
2006-09-07T00:00:00,20
2006-09-14T00:00:00,30
2006-09-22T00:00:00,0
2006-09-30T00:00:00,10
2006-10-06T00:00:00,20
2006-10-13T00:00:00,30
2006-10-21T00:00:00,0
2006-10-29T00:00:00,10
2006-11-05T00:00:00,20
2006-11-12T00:00:00,30
2006-11-20T00:00:00,0
2006-11-27T00:00:00,10
2006-12-04T00:00:00,20
2006-12-12T00:00:00,30
2006-12-20T00:00:00,0
2006-12-27T00:00:00,10
2007-01-03T00:00:00,20
2007-01-11T00:00:00,30
2007-01-18T00:00:00,0
2007-01-25T00:00:00,10
2007-02-01T00:00:00,20
2007-02-10T00:00:00,30
2007-02-17T00:00:00,0
2007-02-23T00:00:00,10
2007-03-03T00:00:00,20
2007-03-11T00:00:00,30
2007-03-18T00:00:00,0
2007-03-25T00:00:00,10
2007-04-02T00:00:00,20
2007-04-10T00:00:00,30
2007-04-17T00:00:00,0
2007-04-23T00:00:00,10
2007-05-02T00:00:00,20
2007-05-09T00:00:00,30
2007-05-16T00:00:00,0
2007-05-23T00:00:00,10
2007-05-31T00:00:00,20
2007-06-08T00:00:00,30
2007-06-14T00:00:00,0
2007-06-22T00:00:00,10
2007-06-30T00:00:00,20
2007-07-07T00:00:00,30
2007-07-14T00:00:00,0
2007-07-21T00:00:00,10
2007-07-29T00:00:00,20
2007-08-05T00:00:00,30
2007-08-12T00:00:00,0
2007-08-20T00:00:00,10
2007-08-28T00:00:00,20
2007-09-03T00:00:00,30
2007-09-11T00:00:00,0
2007-09-19T00:00:00,10
2007-09-26T00:00:00,20
2007-10-03T00:00:00,30
2007-10-10T00:00:00,0
2007-10-19T00:00:00,10
2007-10-25T00:00:00,20
2007-11-01T00:00:00,30
2007-11-09T00:00:00,0
2007-11-17T00:00:00,10
2007-11-24T00:00:00,20
2007-12-01T00:00:00,30
2007-12-09T00:00:00,0
2007-12-17T00:00:00,10
2007-12-23T00:00:00,20
2007-12-30T00:00:00,30
2008-01-08T00:00:00,0
2008-01-15T00:00:00,10
2008-01-22T00:00:00,20
2008-01-29T00:00:00,30
2008-02-06T00:00:00,0
2008-02-13T00:00:00,10
2008-02-20T00:00:00,20
2008-02-28T00:00:00,30
2008-03-07T00:00:00,0
2008-03-14T00:00:00,10
2008-03-21T00:00:00,20
2008-03-29T00:00:00,30
2008-04-05T00:00:00,0
2008-04-12T00:00:00,10
2008-04-20T00:00:00,20
2008-04-28T00:00:00,30
2008-05-05T00:00:00,0
2008-05-11T00:00:00,10
2008-05-19T00:00:00,20
2008-05-27T00:00:00,30
2008-06-03T00:00:00,0
2008-06-10T00:00:00,10
2008-06-18T00:00:00,20
2008-06-26T00:00:00,30
2008-07-02T00:00:00,0
2008-07-09T00:00:00,10
2008-07-18T00:00:00,20
2008-07-25T00:00:00,30
2008-08-01T00:00:00,0
2008-08-08T00:00:00,10
2008-08-16T00:00:00,20
2008-08-23T00:00:00,30
2008-08-30T00:00:00,0
2008-09-07T00:00:00,10
2008-09-15T00:00:00,20
2008-09-21T00:00:00,30
2008-09-29T00:00:00,0
2008-10-07T00:00:00,10
2008-10-14T00:00:00,20
2008-10-21T00:00:00,30
2008-10-28T00:00:00,0
2008-11-05T00:00:00,10
2008-11-12T00:00:00,20
2008-11-19T00:00:00,30
2008-11-27T00:00:00,0
2008-12-05T00:00:00,10
2008-12-12T00:00:00,20
2008-12-19T00:00:00,30
2008-12-27T00:00:00,0
2009-01-04T00:00:00,10
2009-01-10T00:00:00,20
2009-01-17T00:00:00,30
2009-01-25T00:00:00,0
2009-02-02T00:00:00,10
2009-02-09T00:00:00,20
2009-02-16T00:00:00,30
2009-02-24T00:00:00,0
2009-03-03T00:00:00,10
2009-03-10T00:00:00,20
2009-03-18T00:00:00,30
2009-03-26T00:00:00,0
2009-04-02T00:00:00,10
2009-04-09T00:00:00,20
2009-04-17T00:00:00,30
2009-04-24T00:00:00,0
2009-05-01T00:00:00,10
2009-05-08T00:00:00,20
2009-05-17T00:00:00,30
2009-05-24T00:00:00,0
2009-05-30T00:00:00,10
2009-06-07T00:00:00,20
2009-06-15T00:00:00,30
2009-06-22T00:00:00,0
2009-06-29T00:00:00,10
2009-07-07T00:00:00,20
2009-07-15T00:00:00,30
2009-07-21T00:00:00,0
2009-07-28T00:00:00,10
2009-08-05T00:00:00,20
2009-08-13T00:00:00,30
2009-08-20T00:00:00,0
2009-08-27T00:00:00,10
2009-09-04T00:00:00,20
2009-09-11T00:00:00,30
2009-09-18T00:00:00,0
2009-09-25T00:00:00,10
2009-10-03T00:00:00,20
2009-10-11T00:00:00,30
2009-10-17T00:00:00,0
2009-10-25T00:00:00,10
2009-11-02T00:00:00,20
2009-11-09T00:00:00,30
2009-11-16T00:00:00,0
2009-11-24T00:00:00,10
2009-12-01T00:00:00,20
2009-12-08T00:00:00,30
2009-12-16T00:00:00,0
2009-12-24T00:00:00,10
2009-12-31T00:00:00,20
2010-01-07T00:00:00,30
2010-01-14T00:00:00,0
2010-01-23T00:00:00,10
2010-01-29T00:00:00,20
2010-02-05T00:00:00,30
2010-02-13T00:00:00,0
2010-02-21T00:00:00,10
2010-02-28T00:00:00,20
2010-03-07T00:00:00,30
2010-03-15T00:00:00,0
2010-03-23T00:00:00,10
2010-03-29T00:00:00,20
2010-04-06T00:00:00,30
2010-04-14T00:00:00,0
2010-04-21T00:00:00,10
2010-04-28T00:00:00,20
2010-05-05T00:00:00,30
2010-05-13T00:00:00,0
2010-05-20T00:00:00,10
2010-05-27T00:00:00,20
2010-06-04T00:00:00,30
2010-06-12T00:00:00,0
2010-06-18T00:00:00,10
2010-06-26T00:00:00,20
2010-07-04T00:00:00,30
2010-07-11T00:00:00,0
2010-07-18T00:00:00,10
2010-07-25T00:00:00,20
2010-08-02T00:00:00,30
2010-08-09T00:00:00,0
2010-08-16T00:00:00,10
2010-08-24T00:00:00,20
2010-09-01T00:00:00,30
2010-09-08T00:00:00,0
2010-09-14T00:00:00,10
2010-09-23T00:00:00,20
2010-09-30T00:00:00,30
2010-10-07T00:00:00,0
2010-10-14T00:00:00,10
2010-10-22T00:00:00,20
2010-10-30T00:00:00,30
2010-11-05T00:00:00,0
2010-11-13T00:00:00,10
2010-11-21T00:00:00,20
2010-11-28T00:00:00,30
2010-12-05T00:00:00,0
2010-12-13T00:00:00,10
2010-12-21T00:00:00,20
2010-12-27T00:00:00,30
2011-01-04T00:00:00,0
2011-01-12T00:00:00,10
2011-01-19T00:00:00,20
2011-01-26T00:00:00,30
2011-02-02T00:00:00,0
2011-02-10T00:00:00,10
2011-02-18T00:00:00,20
2011-02-24T00:00:00,30
2011-03-04T00:00:00,0
2011-03-12T00:00:00,10
2011-03-19T00:00:00,20
2011-03-26T00:00:00,30
2011-04-03T00:00:00,0
2011-04-11T00:00:00,10
2011-04-17T00:00:00,20
2011-04-24T00:00:00,30
2011-05-02T00:00:00,0
2011-05-10T00:00:00,10
2011-05-17T00:00:00,20
2011-05-24T00:00:00,30
2011-06-01T00:00:00,0
2011-06-08T00:00:00,10
2011-06-15T00:00:00,20
2011-06-23T00:00:00,30
2011-07-01T00:00:00,0
2011-07-07T00:00:00,10
2011-07-14T00:00:00,20
2011-07-22T00:00:00,30
2011-07-30T00:00:00,0
2011-08-06T00:00:00,10
2011-08-13T00:00:00,20
2011-08-21T00:00:00,30
2011-08-28T00:00:00,0
2011-09-04T00:00:00,10
2011-09-12T00:00:00,20
2011-09-20T00:00:00,30
2011-09-27T00:00:00,0
2011-10-03T00:00:00,10
2011-10-11T00:00:00,20
2011-10-19T00:00:00,30
2011-10-26T00:00:00,0
2011-11-02T00:00:00,10
2011-11-10T00:00:00,20
2011-11-18T00:00:00,30
2011-11-24T00:00:00,0
2011-12-02T00:00:00,10
2011-12-10T00:00:00,20
2011-12-17T00:00:00,30
2011-12-24T00:00:00,0
2011-12-31T00:00:00,10
2012-01-08T00:00:00,20
2012-01-16T00:00:00,30
2012-01-22T00:00:00,0
2012-01-30T00:00:00,10
2012-02-07T00:00:00,20
2012-02-14T00:00:00,30
2012-02-21T00:00:00,0
2012-02-29T00:00:00,10
2012-03-08T00:00:00,20
2012-03-14T00:00:00,30
2012-03-22T00:00:00,0
2012-03-30T00:00:00,10
2012-04-06T00:00:00,20
2012-04-13T00:00:00,30
2012-04-21T00:00:00,0
2012-04-29T00:00:00,10
2012-05-05T00:00:00,20
2012-05-12T00:00:00,30
2012-05-20T00:00:00,0
2012-05-28T00:00:00,10
2012-06-04T00:00:00,20
2012-06-11T00:00:00,30
2012-06-19T00:00:00,0
2012-06-26T00:00:00,10
2012-07-03T00:00:00,20
2012-07-10T00:00:00,30
2012-07-18T00:00:00,0
2012-07-26T00:00:00,10
2012-08-01T00:00:00,20
2012-08-09T00:00:00,30
2012-08-17T00:00:00,0
2012-08-24T00:00:00,10
2012-08-31T00:00:00,20
2012-09-08T00:00:00,30
2012-09-15T00:00:00,0
2012-09-22T00:00:00,10
2012-09-29T00:00:00,20
2012-10-08T00:00:00,30
2012-10-15T00:00:00,0
2012-10-21T00:00:00,10
2012-10-29T00:00:00,20
2012-11-06T00:00:00,30
2012-11-13T00:00:00,0
2012-11-20T00:00:00,10
2012-11-28T00:00:00,20
2012-12-06T00:00:00,30
2012-12-13T00:00:00,0
2012-12-19T00:00:00,10
2012-12-28T00:00:00,20
2013-01-04T00:00:00,30
2013-01-11T00:00:00,0
2013-01-18T00:00:00,10
2013-01-26T00:00:00,20
2013-02-03T00:00:00,30
2013-02-09T00:00:00,0
2013-02-17T00:00:00,10
2013-02-25T00:00:00,20
2013-03-04T00:00:00,30
2013-03-11T00:00:00,0
2013-03-19T00:00:00,10
2013-03-27T00:00:00,20
2013-04-02T00:00:00,30
2013-04-10T00:00:00,0
2013-04-18T00:00:00,10
2013-04-25T00:00:00,20
2013-05-02T00:00:00,30
2013-05-09T00:00:00,0
2013-05-17T00:00:00,10
2013-05-24T00:00:00,20
2013-05-31T00:00:00,30
2013-06-08T00:00:00,0
2013-06-16T00:00:00,10
2013-06-23T00:00:00,20
2013-06-29T00:00:00,30
2013-07-08T00:00:00,0
2013-07-15T00:00:00,10
2013-07-22T00:00:00,20
2013-07-29T00:00:00,30
2013-08-06T00:00:00,0
2013-08-14T00:00:00,10
2013-08-20T00:00:00,20
2013-08-28T00:00:00,30
2013-09-05T00:00:00,0
2013-09-12T00:00:00,10
2013-09-19T00:00:00,20
2013-09-26T00:00:00,30
2013-10-04T00:00:00,0
2013-10-11T00:00:00,10
2013-10-18T00:00:00,20
2013-10-26T00:00:00,30
2013-11-03T00:00:00,0
2013-11-09T00:00:00,10
2013-11-17T00:00:00,20
2013-11-25T00:00:00,30
2013-12-02T00:00:00,0
2013-12-09T00:00:00,10
2013-12-17T00:00:00,20
2013-12-25T00:00:00,30
2014-01-01T00:00:00,0
2014-01-07T00:00:00,10
2014-01-15T00:00:00,20
2014-01-23T00:00:00,30
2014-01-30T00:00:00,0
2014-02-06T00:00:00,10
2014-02-14T00:00:00,20
2014-02-22T00:00:00,30
2014-02-28T00:00:00,0
2014-03-08T00:00:00,10
2014-03-16T00:00:00,20
2014-03-23T00:00:00,30
2014-03-30T00:00:00,0
2014-04-07T00:00:00,10
2014-04-15T00:00:00,20
2014-04-22T00:00:00,30
2014-04-28T00:00:00,0
2014-05-06T00:00:00,10
2014-05-14T00:00:00,20
2014-05-21T00:00:00,30
2014-05-28T00:00:00,0
2014-06-05T00:00:00,10
2014-06-12T00:00:00,20
2014-06-19T00:00:00,30
2014-06-27T00:00:00,0
2014-07-05T00:00:00,10
2014-07-12T00:00:00,20
2014-07-18T00:00:00,30
2014-07-26T00:00:00,0
2014-08-03T00:00:00,10
2014-08-10T00:00:00,20
2014-08-17T00:00:00,30
2014-08-25T00:00:00,0
2014-09-02T00:00:00,10
2014-09-08T00:00:00,20
2014-09-15T00:00:00,30
2014-09-23T00:00:00,0
2014-10-01T00:00:00,10
2014-10-08T00:00:00,20
2014-10-15T00:00:00,30
2014-10-23T00:00:00,0
2014-10-30T00:00:00,10
2014-11-06T00:00:00,20
2014-11-14T00:00:00,30
2014-11-22T00:00:00,0
2014-11-29T00:00:00,10
2014-12-06T00:00:00,20
2014-12-14T00:00:00,30
2014-12-21T00:00:00,0
2014-12-28T00:00:00,10
2015-01-04T00:00:00,20
2015-01-13T00:00:00,30
2015-01-20T00:00:00,0
2015-01-26T00:00:00,10
2015-02-03T00:00:00,20
2015-02-11T00:00:00,30
2015-02-18T00:00:00,0
2015-02-25T00:00:00,10
2015-03-05T00:00:00,20
2015-03-13T00:00:00,30
2015-03-20T00:00:00,0
2015-03-27T00:00:00,10
2015-04-04T00:00:00,20
2015-04-11T00:00:00,30
2015-04-18T00:00:00,0
2015-04-25T00:00:00,10
2015-05-03T00:00:00,20
2015-05-11T00:00:00,30
2015-05-17T00:00:00,0
2015-05-25T00:00:00,10
2015-06-02T00:00:00,20
2015-06-09T00:00:00,30
2015-06-16T00:00:00,0
2015-06-24T00:00:00,10
2015-07-01T00:00:00,20
2015-07-08T00:00:00,30
2015-07-15T00:00:00,0
2015-07-23T00:00:00,10
2015-07-31T00:00:00,20
2015-08-06T00:00:00,30
2015-08-14T00:00:00,0
2015-08-22T00:00:00,10
2015-08-29T00:00:00,20
2015-09-05T00:00:00,30
2015-09-12T00:00:00,0
2015-09-21T00:00:00,10
2015-09-27T00:00:00,20
2015-10-04T00:00:00,30
2015-10-12T00:00:00,0
2015-10-20T00:00:00,10
2015-10-27T00:00:00,20
2015-11-03T00:00:00,30
2015-11-11T00:00:00,0
2015-11-18T00:00:00,10
2015-11-25T00:00:00,20
2015-12-02T00:00:00,30
2015-12-11T00:00:00,0
2015-12-18T00:00:00,10
2015-12-25T00:00:00,20
2016-01-01T00:00:00,30
2016-01-09T00:00:00,0
2016-01-16T00:00:00,10
2016-01-23T00:00:00,20
2016-01-31T00:00:00,30
2016-02-08T00:00:00,0
2016-02-14T00:00:00,10
2016-02-22T00:00:00,20
2016-03-01T00:00:00,30
2016-03-08T00:00:00,0
2016-03-15T00:00:00,10
2016-03-23T00:00:00,20
2016-03-31T00:00:00,30
2016-04-07T00:00:00,0
2016-04-13T00:00:00,10
2016-04-21T00:00:00,20
2016-04-29T00:00:00,30
2016-05-06T00:00:00,0
2016-05-13T00:00:00,10
2016-05-21T00:00:00,20
2016-05-29T00:00:00,30
2016-06-04T00:00:00,0
2016-06-12T00:00:00,10
2016-06-20T00:00:00,20
2016-06-27T00:00:00,30
2016-07-04T00:00:00,0
2016-07-11T00:00:00,10
2016-07-19T00:00:00,20
2016-07-26T00:00:00,30
2016-08-02T00:00:00,0
2016-08-10T00:00:00,10
2016-08-18T00:00:00,20
2016-08-24T00:00:00,30
2016-09-01T00:00:00,0
2016-09-09T00:00:00,10
2016-09-16T00:00:00,20
2016-09-23T00:00:00,30
2016-09-30T00:00:00,0
2016-10-08T00:00:00,10
2016-10-15T00:00:00,20
2016-10-22T00:00:00,30
2016-10-30T00:00:00,0
2016-11-07T00:00:00,10
2016-11-14T00:00:00,20
2016-11-21T00:00:00,30
2016-11-29T00:00:00,0
2016-12-07T00:00:00,10
2016-12-13T00:00:00,20
2016-12-20T00:00:00,30
2016-12-28T00:00:00,0
2017-01-05T00:00:00,10
2017-01-12T00:00:00,20
2017-01-19T00:00:00,30
2017-01-27T00:00:00,0
2017-02-03T00:00:00,10
2017-02-10T00:00:00,20
2017-02-18T00:00:00,30
2017-02-26T00:00:00,0
2017-03-05T00:00:00,10
2017-03-12T00:00:00,20
2017-03-20T00:00:00,30
2017-03-27T00:00:00,0
2017-04-03T00:00:00,10
2017-04-10T00:00:00,20
2017-04-19T00:00:00,30
2017-04-26T00:00:00,0
2017-05-02T00:00:00,10
2017-05-10T00:00:00,20
2017-05-18T00:00:00,30
2017-05-25T00:00:00,0
2017-06-01T00:00:00,10
2017-06-09T00:00:00,20
2017-06-17T00:00:00,30
2017-06-23T00:00:00,0
2017-06-30T00:00:00,10
2017-07-08T00:00:00,20
2017-07-16T00:00:00,30
2017-07-23T00:00:00,0
2017-07-30T00:00:00,10
2017-08-07T00:00:00,20
2017-08-14T00:00:00,30
2017-08-21T00:00:00,0
2017-08-29T00:00:00,10
2017-09-06T00:00:00,20
2017-09-12T00:00:00,30
2017-09-19T00:00:00,0
2017-09-27T00:00:00,10
2017-10-05T00:00:00,20
2017-10-12T00:00:00,30
2017-10-19T00:00:00,0
2017-10-27T00:00:00,10
2017-11-03T00:00:00,20
2017-11-10T00:00:00,30
2017-11-18T00:00:00,0
2017-11-26T00:00:00,10
2017-12-03T00:00:00,20
2017-12-09T00:00:00,30
2017-12-17T00:00:00,0
2017-12-26T00:00:00,10
2018-01-01T00:00:00,20
2018-01-08T00:00:00,30
2018-01-16T00:00:00,0
2018-01-24T00:00:00,10
2018-01-31T00:00:00,20
2018-02-07T00:00:00,30
2018-02-15T00:00:00,0
2018-02-23T00:00:00,10
2018-03-01T00:00:00,20
2018-03-09T00:00:00,30
2018-03-17T00:00:00,0
2018-03-24T00:00:00,10
2018-03-31T00:00:00,20
2018-04-08T00:00:00,30
2018-04-15T00:00:00,0
2018-04-22T00:00:00,10
2018-04-29T00:00:00,20
2018-05-07T00:00:00,30
2018-05-15T00:00:00,0
2018-05-21T00:00:00,10
2018-05-29T00:00:00,20
2018-06-06T00:00:00,30
2018-06-13T00:00:00,0
2018-06-20T00:00:00,10
2018-06-27T00:00:00,20
2018-07-06T00:00:00,30
2018-07-12T00:00:00,0
2018-07-19T00:00:00,10
2018-07-27T00:00:00,20
2018-08-04T00:00:00,30
2018-08-11T00:00:00,0
2018-08-18T00:00:00,10
2018-08-26T00:00:00,20
2018-09-02T00:00:00,30
2018-09-09T00:00:00,0
2018-09-16T00:00:00,10
2018-09-24T00:00:00,20
2018-10-02T00:00:00,30
2018-10-08T00:00:00,0
2018-10-16T00:00:00,10
2018-10-24T00:00:00,20
2018-10-31T00:00:00,30
2018-11-07T00:00:00,0
2018-11-15T00:00:00,10
2018-11-22T00:00:00,20
2018-11-29T00:00:00,30
2018-12-06T00:00:00,0
2018-12-15T00:00:00,10
2018-12-22T00:00:00,20
2018-12-29T00:00:00,30
2019-01-05T00:00:00,0
2019-01-13T00:00:00,10
2019-01-20T00:00:00,20
2019-01-27T00:00:00,30
2019-02-04T00:00:00,0
2019-02-12T00:00:00,10
2019-02-19T00:00:00,20
2019-02-26T00:00:00,30
2019-03-06T00:00:00,0
2019-03-14T00:00:00,10
2019-03-20T00:00:00,20
2019-03-27T00:00:00,30
2019-04-05T00:00:00,0
2019-04-12T00:00:00,10
2019-04-19T00:00:00,20
2019-04-26T00:00:00,30
2019-05-04T00:00:00,0
2019-05-11T00:00:00,10
2019-05-18T00:00:00,20
2019-05-26T00:00:00,30
2019-06-03T00:00:00,0
2019-06-09T00:00:00,10
2019-06-17T00:00:00,20
2019-06-25T00:00:00,30
2019-07-02T00:00:00,0
2019-07-09T00:00:00,10
2019-07-16T00:00:00,20
2019-07-24T00:00:00,30
2019-07-31T00:00:00,0
2019-08-07T00:00:00,10
2019-08-15T00:00:00,20
2019-08-23T00:00:00,30
2019-08-30T00:00:00,0
2019-09-05T00:00:00,10
2019-09-13T00:00:00,20
2019-09-21T00:00:00,30
2019-09-28T00:00:00,0
2019-10-05T00:00:00,10
2019-10-13T00:00:00,20
2019-10-21T00:00:00,30
2019-10-27T00:00:00,0
2019-11-04T00:00:00,10
2019-11-12T00:00:00,20
2019-11-19T00:00:00,30
2019-11-26T00:00:00,0
2019-12-03T00:00:00,10
2019-12-11T00:00:00,20
2019-12-18T00:00:00,30
2019-12-25T00:00:00,0
2020-01-02T00:00:00,10
2020-01-10T00:00:00,20
2020-01-17T00:00:00,30
2020-01-24T00:00:00,0
2020-02-01T00:00:00,10
2020-02-08T00:00:00,20
2020-02-15T00:00:00,30
2020-02-23T00:00:00,0
2020-03-02T00:00:00,10
2020-03-09T00:00:00,20
2020-03-16T00:00:00,30
2020-03-24T00:00:00,0
2020-04-01T00:00:00,10
2020-04-07T00:00:00,20
2020-04-14T00:00:00,30
2020-04-22T00:00:00,0
2020-04-30T00:00:00,10
2020-05-07T00:00:00,20
2020-05-14T00:00:00,30
2020-05-22T00:00:00,0
2020-05-29T00:00:00,10
2020-06-05T00:00:00,20
2020-06-12T00:00:00,30
2020-06-20T00:00:00,0
2020-06-28T00:00:00,10
2020-07-04T00:00:00,20
2020-07-12T00:00:00,30
2020-07-20T00:00:00,0
2020-07-27T00:00:00,10
2020-08-03T00:00:00,20
2020-08-11T00:00:00,30
2020-08-18T00:00:00,0
2020-08-25T00:00:00,10
2020-09-01T00:00:00,20
2020-09-10T00:00:00,30
2020-09-17T00:00:00,0
2020-09-23T00:00:00,10
2020-10-01T00:00:00,20
2020-10-09T00:00:00,30
2020-10-16T00:00:00,0
2020-10-23T00:00:00,10
2020-10-31T00:00:00,20
2020-11-08T00:00:00,30
2020-11-14T00:00:00,0
2020-11-21T00:00:00,10
2020-11-30T00:00:00,20
2020-12-07T00:00:00,30
2020-12-14T00:00:00,0
2020-12-21T00:00:00,10
2020-12-29T00:00:00,20
2021-01-06T00:00:00,30
2021-01-12T00:00:00,0
2021-01-20T00:00:00,10
2021-01-28T00:00:00,20
2021-02-04T00:00:00,30
2021-02-11T00:00:00,0
2021-02-19T00:00:00,10
2021-02-27T00:00:00,20
2021-03-05T00:00:00,30
2021-03-13T00:00:00,0
2021-03-21T00:00:00,10
2021-03-28T00:00:00,20
2021-04-04T00:00:00,30
2021-04-11T00:00:00,0
2021-04-19T00:00:00,10
2021-04-26T00:00:00,20
2021-05-03T00:00:00,30
2021-05-11T00:00:00,0
2021-05-19T00:00:00,10
2021-05-26T00:00:00,20
2021-06-02T00:00:00,30
2021-06-10T00:00:00,0
2021-06-17T00:00:00,10
2021-06-24T00:00:00,20
2021-07-01T00:00:00,30
2021-07-09T00:00:00,0
2021-07-17T00:00:00,10
2021-07-23T00:00:00,20
2021-07-31T00:00:00,30
2021-08-08T00:00:00,0
2021-08-15T00:00:00,10
2021-08-22T00:00:00,20
2021-08-30T00:00:00,30
2021-09-06T00:00:00,0
2021-09-13T00:00:00,10
2021-09-20T00:00:00,20
2021-09-28T00:00:00,30
2021-10-06T00:00:00,0
2021-10-12T00:00:00,10
2021-10-20T00:00:00,20
2021-10-28T00:00:00,30
2021-11-04T00:00:00,0
2021-11-11T00:00:00,10
2021-11-19T00:00:00,20
2021-11-27T00:00:00,30
2021-12-03T00:00:00,0
2021-12-10T00:00:00,10
2021-12-18T00:00:00,20
2021-12-26T00:00:00,30
2022-01-02T00:00:00,0
2022-01-09T00:00:00,10
2022-01-17T00:00:00,20
2022-01-25T00:00:00,30
2022-01-31T00:00:00,0
2022-02-08T00:00:00,10
2022-02-16T00:00:00,20
2022-02-23T00:00:00,30
2022-03-02T00:00:00,0
2022-03-10T00:00:00,10
2022-03-18T00:00:00,20
2022-03-24T00:00:00,30
2022-03-31T00:00:00,0
2022-04-08T00:00:00,10
2022-04-16T00:00:00,20
2022-04-23T00:00:00,30
2022-04-30T00:00:00,0
2022-05-08T00:00:00,10
2022-05-15T00:00:00,20
2022-05-22T00:00:00,30
2022-05-30T00:00:00,0
2022-06-07T00:00:00,10
2022-06-14T00:00:00,20
2022-06-20T00:00:00,30
2022-06-28T00:00:00,0
2022-07-06T00:00:00,10
2022-07-13T00:00:00,20
2022-07-20T00:00:00,30
2022-07-28T00:00:00,0
2022-08-05T00:00:00,10
2022-08-11T00:00:00,20
2022-08-18T00:00:00,30
2022-08-27T00:00:00,0
2022-09-03T00:00:00,10
2022-09-10T00:00:00,20
2022-09-17T00:00:00,30
2022-09-25T00:00:00,0
2022-10-02T00:00:00,10
2022-10-09T00:00:00,20
2022-10-17T00:00:00,30
2022-10-25T00:00:00,0
2022-10-31T00:00:00,10
2022-11-08T00:00:00,20
2022-11-16T00:00:00,30
2022-11-23T00:00:00,0
2022-11-30T00:00:00,10
2022-12-07T00:00:00,20
2022-12-16T00:00:00,30
2022-12-23T00:00:00,0
2022-12-29T00:00:00,10
2023-01-06T00:00:00,20
2023-01-14T00:00:00,30
2023-01-21T00:00:00,0
2023-01-28T00:00:00,10
2023-02-05T00:00:00,20
2023-02-13T00:00:00,30
2023-02-19T00:00:00,0
2023-02-27T00:00:00,10
2023-03-07T00:00:00,20
2023-03-14T00:00:00,30
2023-03-21T00:00:00,0
2023-03-28T00:00:00,10
2023-04-05T00:00:00,20
2023-04-13T00:00:00,30
2023-04-19T00:00:00,0
2023-04-27T00:00:00,10
2023-05-05T00:00:00,20
2023-05-12T00:00:00,30
2023-05-19T00:00:00,0
2023-05-27T00:00:00,10
2023-06-03T00:00:00,20
2023-06-10T00:00:00,30
2023-06-17T00:00:00,0
2023-06-26T00:00:00,10
2023-07-03T00:00:00,20
2023-07-09T00:00:00,30
2023-07-17T00:00:00,0
2023-07-25T00:00:00,10
2023-08-01T00:00:00,20
2023-08-08T00:00:00,30
2023-08-16T00:00:00,0
2023-08-24T00:00:00,10
2023-08-30T00:00:00,20
2023-09-06T00:00:00,30
2023-09-14T00:00:00,0
2023-09-22T00:00:00,10
2023-09-29T00:00:00,20
2023-10-06T00:00:00,30
2023-10-14T00:00:00,0
2023-10-21T00:00:00,10
2023-10-28T00:00:00,20
2023-11-05T00:00:00,30
2023-11-13T00:00:00,0
2023-11-20T00:00:00,10
2023-11-27T00:00:00,20
2023-12-04T00:00:00,30
2023-12-12T00:00:00,0
2023-12-19T00:00:00,10
2023-12-26T00:00:00,20
2024-01-03T00:00:00,30
2024-01-11T00:00:00,0
2024-01-17T00:00:00,10
2024-01-25T00:00:00,20
2024-02-02T00:00:00,30
2024-02-09T00:00:00,0
2024-02-16T00:00:00,10
2024-02-24T00:00:00,20
2024-03-03T00:00:00,30
2024-03-10T00:00:00,0
2024-03-16T00:00:00,10
2024-03-25T00:00:00,20
2024-04-01T00:00:00,30
2024-04-08T00:00:00,0
2024-04-15T00:00:00,10
2024-04-23T00:00:00,20
2024-05-01T00:00:00,30
2024-05-07T00:00:00,0
2024-05-15T00:00:00,10
2024-05-23T00:00:00,20
2024-05-30T00:00:00,30
2024-06-06T00:00:00,0
2024-06-13T00:00:00,10
2024-06-21T00:00:00,20
2024-06-28T00:00:00,30
2024-07-05T00:00:00,0
2024-07-13T00:00:00,10
2024-07-21T00:00:00,20
2024-07-27T00:00:00,30
2024-08-04T00:00:00,0
2024-08-12T00:00:00,10
2024-08-19T00:00:00,20
2024-08-26T00:00:00,30
2024-09-02T00:00:00,0
2024-09-10T00:00:00,10
2024-09-17T00:00:00,20
2024-09-24T00:00:00,30
2024-10-02T00:00:00,0
2024-10-10T00:00:00,10
2024-10-17T00:00:00,20
2024-10-24T00:00:00,30
2024-11-01T00:00:00,0
2024-11-08T00:00:00,10
2024-11-15T00:00:00,20
2024-11-22T00:00:00,30
2024-11-30T00:00:00,0
2024-12-08T00:00:00,10
2024-12-15T00:00:00,20
2024-12-22T00:00:00,30
2024-12-30T00:00:00,0
2025-01-06T00:00:00,10
2025-01-13T00:00:00,20
2025-01-21T00:00:00,30
2025-01-29T00:00:00,0
2025-02-05T00:00:00,10
2025-02-12T00:00:00,20
2025-02-20T00:00:00,30
2025-02-27T00:00:00,0
2025-03-06T00:00:00,10
2025-03-13T00:00:00,20
2025-03-22T00:00:00,30
2025-03-29T00:00:00,0
2025-04-04T00:00:00,10
2025-04-12T00:00:00,20
2025-04-20T00:00:00,30
2025-04-27T00:00:00,0
2025-05-04T00:00:00,10
2025-05-12T00:00:00,20
2025-05-20T00:00:00,30
2025-05-26T00:00:00,0
2025-06-02T00:00:00,10
2025-06-11T00:00:00,20
2025-06-18T00:00:00,30
2025-06-25T00:00:00,0
2025-07-02T00:00:00,10
2025-07-10T00:00:00,20
2025-07-17T00:00:00,30
2025-07-24T00:00:00,0
2025-08-01T00:00:00,10
2025-08-09T00:00:00,20
2025-08-15T00:00:00,30
2025-08-22T00:00:00,0
2025-08-30T00:00:00,10
2025-09-07T00:00:00,20
2025-09-14T00:00:00,30
2025-09-21T00:00:00,0
2025-09-29T00:00:00,10
2025-10-06T00:00:00,20
2025-10-13T00:00:00,30
2025-10-21T00:00:00,0
2025-10-29T00:00:00,10
2025-11-05T00:00:00,20
2025-11-11T00:00:00,30
2025-11-19T00:00:00,0
2025-11-27T00:00:00,10
2025-12-04T00:00:00,20
2025-12-11T00:00:00,30
2025-12-19T00:00:00,0
2025-12-27T00:00:00,10
2026-01-03T00:00:00,20
2026-01-10T00:00:00,30
2026-01-18T00:00:00,0
2026-01-25T00:00:00,10
2026-02-01T00:00:00,20
2026-02-09T00:00:00,30
2026-02-17T00:00:00,0
2026-02-24T00:00:00,10
2026-03-03T00:00:00,20
2026-03-11T00:00:00,30
2026-03-18T00:00:00,0
2026-03-25T00:00:00,10
2026-04-01T00:00:00,20
2026-04-09T00:00:00,30
2026-04-17T00:00:00,0
2026-04-23T00:00:00,10
2026-05-01T00:00:00,20
2026-05-09T00:00:00,30
2026-05-16T00:00:00,0
2026-05-23T00:00:00,10
2026-05-31T00:00:00,20
2026-06-08T00:00:00,30
2026-06-14T00:00:00,0
2026-06-21T00:00:00,10
2026-06-29T00:00:00,20
2026-07-07T00:00:00,30
2026-07-14T00:00:00,0
2026-07-21T00:00:00,10
2026-07-29T00:00:00,20
2026-08-05T00:00:00,30
2026-08-12T00:00:00,0
2026-08-19T00:00:00,10
2026-08-27T00:00:00,20
2026-09-04T00:00:00,30
2026-09-10T00:00:00,0
2026-09-18T00:00:00,10
2026-09-26T00:00:00,20
2026-10-03T00:00:00,30
2026-10-10T00:00:00,0
2026-10-18T00:00:00,10
2026-10-25T00:00:00,20
2026-11-01T00:00:00,30
2026-11-08T00:00:00,0
2026-11-17T00:00:00,10
2026-11-24T00:00:00,20
2026-11-30T00:00:00,30
2026-12-08T00:00:00,0
2026-12-16T00:00:00,10
2026-12-23T00:00:00,20
2026-12-30T00:00:00,30
2027-01-07T00:00:00,0
2027-01-15T00:00:00,10
2027-01-22T00:00:00,20
2027-01-29T00:00:00,30
2027-02-06T00:00:00,0
2027-02-13T00:00:00,10
2027-02-20T00:00:00,20
2027-02-27T00:00:00,30
2027-03-08T00:00:00,0
2027-03-15T00:00:00,10
2027-03-22T00:00:00,20
2027-03-29T00:00:00,30
2027-04-06T00:00:00,0
2027-04-13T00:00:00,10
2027-04-20T00:00:00,20
2027-04-28T00:00:00,30
2027-05-06T00:00:00,0
2027-05-12T00:00:00,10
2027-05-20T00:00:00,20
2027-05-28T00:00:00,30
2027-06-04T00:00:00,0
2027-06-11T00:00:00,10
2027-06-18T00:00:00,20
2027-06-26T00:00:00,30
2027-07-03T00:00:00,0
2027-07-10T00:00:00,10
2027-07-18T00:00:00,20
2027-07-26T00:00:00,30
2027-08-02T00:00:00,0
2027-08-08T00:00:00,10
2027-08-17T00:00:00,20
2027-08-24T00:00:00,30
2027-08-31T00:00:00,0
2027-09-07T00:00:00,10
2027-09-15T00:00:00,20
2027-09-23T00:00:00,30
2027-09-29T00:00:00,0
2027-10-07T00:00:00,10
2027-10-15T00:00:00,20
2027-10-22T00:00:00,30
2027-10-29T00:00:00,0
2027-11-06T00:00:00,10
2027-11-13T00:00:00,20
2027-11-20T00:00:00,30
2027-11-27T00:00:00,0
2027-12-05T00:00:00,10
2027-12-13T00:00:00,20
2027-12-20T00:00:00,30
2027-12-27T00:00:00,0
